{
	"name": "来歆の余響",
	"rarity": [
		"4",
		"5"
	],
	"2pc": "攻撃力+18%。",
	"4pc": "通常攻撃が敵に命中すると、36%の確率で「幽谷祭祀」が発動する。「幽谷祭祀」：通常攻撃ダメージが攻撃力70%分アップする。この効果は通常攻撃でダメージを与えた0.05秒後にクリアされる。通常攻撃後に「幽谷祭祀」が発動しなかった場合、次回の発動確率+20%。発動判定は0.2秒毎に1回のみ行われる。",
	"flower": {
		"name": "魂香の花",
		"relictype": "生の花",
		"description": "花の形をした宝玉の彫刻。幽幽たる魂の気を纏っている。"
	},
	"plume": {
		"name": "垂玉の葉",
		"relictype": "死の羽",
		"description": "葉っぱの形をした玉佩。かつて、ある友人たちの間で特別な意味を持っていたようだ。"
	},
	"sands": {
		"name": "祭祀の証",
		"relictype": "時の砂",
		"description": "円形の玉佩。とある伝説では、儀式を開始する時の証として使われていたという。"
	},
	"goblet": {
		"name": "湧水の杯",
		"relictype": "空の杯",
		"description": "水が永遠に湧き出る杯。恐らくは仙人からの贈り物か遺物、もしくは落とし物だろう。"
	},
	"circlet": {
		"name": "浮流の対玉",
		"relictype": "理の冠",
		"description": "美しい玉石をあしらった耳飾り。優しい温もりが紛れもなく感じられる。"
	}
}