{
	"name": "蒼白の炎",
	"rarity": [
		"4",
		"5"
	],
	"2pc": "物理ダメージ+25%。",
	"4pc": "元素スキルが敵に命中すると、攻撃力+9%。持続時間7秒、最大2重まで、0.3秒毎に1回のみ発動可能。2重まで重ねると、2セットの効果が2倍になる。",
	"flower": {
		"name": "無垢の花",
		"relictype": "生の花",
		"description": "決して枯れず色褪せない、青くて硬い造花。"
	},
	"plume": {
		"name": "良医の羽",
		"relictype": "死の羽",
		"description": "非常に鋭いふちを持つ不吉な羽。異類の不羈を象徴しているのかもしれない。"
	},
	"sands": {
		"name": "停頓の時",
		"relictype": "時の砂",
		"description": "ふたが開かない懐中時計。時間の経過と同時に、しっかりカチカチと音を立てる。"
	},
	"goblet": {
		"name": "超越の盃",
		"relictype": "空の杯",
		"description": "何年もの歳月を経たか見た目からは全く見当がつかない精巧な盃。"
	},
	"circlet": {
		"name": "嗤笑の面",
		"relictype": "理の冠",
		"description": "誰にも表情がわからないように顔を隠すことができるマスク。"
	}
}