{
	"name": "雷のような怒り",
	"rarity": [
		"4",
		"5"
	],
	"2pc": "雷元素ダメージ+15%。",
	"4pc": "過負荷、感電、超電導反応によるダメージ+40%。それらの元素反応を起こすと、元素スキルのクールタイム-1秒。0.8秒毎に最大1回のみ発動可能。",
	"flower": {
		"name": "雷鳥の憐み",
		"relictype": "生の花",
		"description": "災難の日に紫炎の怒りから逃れ、災禍の生き残りとなった雷色の花。"
	},
	"plume": {
		"name": "雷災の生存者",
		"relictype": "死の羽",
		"description": "雷の羽根は雷の魔鳥が与えた残酷な罰の証、落ちた羽根にその怒りを表す雷光がちらつく。"
	},
	"sands": {
		"name": "雷霆の時計",
		"relictype": "時の砂",
		"description": "雷鳥を信奉する部族が、天空の雷の主の降臨を予告する際に使われた砂時計。一族の終焉によって永遠の静止に陥った。"
	},
	"goblet": {
		"name": "落雷の前兆",
		"relictype": "空の杯",
		"description": "鮮血が注がれた儀式の杯、雷鳴が中に響き渡るように願う。最終的に雷のような怒りが溢れていた。"
	},
	"circlet": {
		"name": "雷を呼ぶ冠",
		"relictype": "理の冠",
		"description": "雷の魔鳥を崇拝した古代のシャーマンが被っていた冠。純粋な信仰は気ままに生きる魔獣を感動させることはなかった。"
	}
}