{
	"name": "翠緑の影",
	"rarity": [
		"4",
		"5"
	],
	"2pc": "風元素ダメージ+15%。",
	"4pc": "拡散反応によるダメージ+60%。拡散された元素タイプを基準に、影響を受けた敵の元素耐性-40%、継続時間10秒。",
	"flower": {
		"name": "野花の記憶の草原",
		"relictype": "生の花",
		"description": "かつてある場所に咲いた野花、大地を離れ、狩人の胸につけられた。"
	},
	"plume": {
		"name": "狩人の青緑色の矢羽",
		"relictype": "死の羽",
		"description": "一瞬で獲物を貫通した矢羽、今でも綺麗に整えられている。"
	},
	"sands": {
		"name": "緑の狩人の決心",
		"relictype": "時の砂",
		"description": "狩人が持ち歩いていた奇妙な機械、永遠に獲物を指す。"
	},
	"goblet": {
		"name": "緑の狩人の容器",
		"relictype": "空の杯",
		"description": "緑の狩人が使用していた革水筒、中の空間は想像よりもずっと大きい。"
	},
	"circlet": {
		"name": "緑の狩人の冠",
		"relictype": "理の冠",
		"description": "かつて緑の狩人が使用していた自慢の冠、野原の風のような青緑色が特徴。"
	}
}