{
	"name": "辰砂往生录",
	"rarity": [
		"4",
		"5"
	],
	"2pc": "攻击力提高18%。",
	"4pc": "施放元素爆发后，将产生持续16秒的「潜光」效果：攻击力提升8%；并在角色的生命值降低时，攻击力进一步提升10%，至多通过这种方式提升4次，每0.8秒至多触发一次。「潜光」效果将在角色退场时消失；持续期间再次施放元素爆发，将移除原有的「潜光」。",
	"flower": {
		"name": "生灵之华",
		"relictype": "生之花",
		"description": "古老的纪念物，恰如数百年前将它保存的生灵一般鲜活。"
	},
	"plume": {
		"name": "潜光片羽",
		"relictype": "死之羽",
		"description": "一片光泽暗淡的翎羽，凝聚着浓重的记忆。"
	},
	"sands": {
		"name": "阳辔之遗",
		"relictype": "时之沙",
		"description": "外观坚实的古代时计，有着晶砂的光泽。"
	},
	"goblet": {
		"name": "结契之刻",
		"relictype": "空之杯",
		"description": "古老的晶砂之杯，似乎未尝被岁月磨洗暗淡。"
	},
	"circlet": {
		"name": "虺雷之姿",
		"relictype": "理之冠",
		"description": "据称是山民为夜叉所打造的头冠，外观古朴，但其表面光亮不失润泽。"
	}
}