{
	"name": "Душа храбреца",
	"rarity": [
		"3",
		"4"
	],
	"2pc": "Увеличивает силу атаки на 18%.",
	"4pc": "Увеличивает на 30% урон против врагов с HP выше 50%.",
	"flower": {
		"name": "Брошь храбреца",
		"relictype": "Цветок жизни",
		"description": "Простенькая брошь из цветка. Память об одном из первых приключений."
	},
	"plume": {
		"name": "Надежды храбреца",
		"relictype": "Перо смерти",
		"description": "Яркое перо певчей птицы, придающее доблести своему владельцу."
	},
	"sands": {
		"name": "Стойкость храбреца",
		"relictype": "Пески времени",
		"description": "Древние миниатюрные песочные часы, которые уже не имеют никакого практического применения. Они кажутся столь же неуловимыми, как и само время."
	},
	"goblet": {
		"name": "Проводы храбреца",
		"relictype": "Кубок пространства",
		"description": "Грубая деревянная кружка, наполненная лишь воспоминаниями."
	},
	"circlet": {
		"name": "Венок храбреца",
		"relictype": "Корона разума",
		"description": "Грубый лавровый венок, который, по мнению некоторых людей, не уступает королевской короне."
	}
}