{
	"name": "Инструктор",
	"rarity": [
		"3",
		"4"
	],
	"2pc": "Увеличивает мастерство стихий на 80 ед.",
	"4pc": "Вызов элементальной реакции увеличивает мастерство стихий всех членов отряда на 120 ед. в течение 8 сек.",
	"flower": {
		"name": "Брошь инструктора",
		"relictype": "Цветок жизни",
		"description": "Надетая брошь означает, что сегодня занятий не будет."
	},
	"plume": {
		"name": "Перо инструктора",
		"relictype": "Перо смерти",
		"description": "Инструктор, познавший мастерство отражения атак, научился ни в коем случае не выпускать из рук данный аксессуар."
	},
	"sands": {
		"name": "Карманные часы инструктора",
		"relictype": "Пески времени",
		"description": "Эти часы не показывают время, а отмеряют длительность занятий."
	},
	"goblet": {
		"name": "Чайная кружка инструктора",
		"relictype": "Кубок пространства",
		"description": "Выглядит, как обычная кружка. Но для учеников это символ неоспоримого авторитета инструктора."
	},
	"circlet": {
		"name": "Кепка инструктора",
		"relictype": "Корона разума",
		"description": "Почётная кепка инструктора. Вручается только тем, кто отказался от повышения."
	}
}