{
	"name": "Бледный огонь",
	"rarity": [
		"4",
		"5"
	],
	"2pc": "Увеличивает физ. урон на 25%.",
	"4pc": "Когда элементальный навык попадает по врагам, атака увеличивается на 9% в течение 7 сек. Эффект может складываться до 2 раз и возникнуть не чаще 1 раза за 0,3 сек. На 2 уровне складывания эффект набора из 2 вещей увеличивается на 100%.",
	"flower": {
		"name": "Незапятнанный цветок",
		"relictype": "Цветок жизни",
		"description": "Жёсткий синий искусственный цветок. Он никогда не поблёкнет, а его лепестки никогда не завянут."
	},
	"plume": {
		"name": "Перо мудрого лекаря",
		"relictype": "Перо смерти",
		"description": "Зловещее перо с невероятно острыми краями. Быть может, оно символизирует неестественную безудержность."
	},
	"sands": {
		"name": "Замершее мгновение",
		"relictype": "Пески времени",
		"description": "Эти карманные часы не открыть, но они продолжают идти, отмечая тиканьем неумолимое течение времени."
	},
	"goblet": {
		"name": "Превосходящая чаша",
		"relictype": "Кубок пространства",
		"description": "Изысканная чаша, вид которой не позволяет установить её возраст."
	},
	"circlet": {
		"name": "Смеющаяся маска",
		"relictype": "Корона разума",
		"description": "Эта маска закрывает лицо владельца, не позволяя окружающим видеть его выражение."
	}
}