{
	"name": "Изгнанник",
	"rarity": [
		"3",
		"4"
	],
	"2pc": "Увеличивает скорость восстановления энергии на 20%.",
	"4pc": "Использование взрыва стихии восстанавливает 2 ед. энергии остальным членам отряда (но не выбранному персонажу) каждые 2 сек. в течение 6 сек. Эффект не может складываться.",
	"flower": {
		"name": "Цветок изгнанника",
		"relictype": "Цветок жизни",
		"description": "Тёмный цветок. Должно быть, имеет какое-то значение, раз изгнанник не хотел с ним расставаться."
	},
	"plume": {
		"name": "Перо изгнанника",
		"relictype": "Перо смерти",
		"description": "Птичье перо, прицепившееся во время похода по диким местам. Стало аксессуаром случайно."
	},
	"sands": {
		"name": "Карманные часы изгнанника",
		"relictype": "Пески времени",
		"description": "Несмотря на треснувший кристальный циферблат и потерявшиеся стрелки, хозяин этих часов до самого конца не желал с ними расставаться."
	},
	"goblet": {
		"name": "Кубок изгнанника",
		"relictype": "Кубок пространства",
		"description": "Грубый кубок, сделанный из тяжёлых металлов. Когда-то он был украшен драгоценными камнями, но их уже давно оттуда выковыряли."
	},
	"circlet": {
		"name": "Корона изгнанника",
		"relictype": "Корона разума",
		"description": "Древняя корона. Королевский герб на ней давно стал неразличим, и статус знати, который она символизировала, давно затерялся во времени."
	}
}