{
	"name": "Ténacité du Millelithe",
	"rarity": [
		"4",
		"5"
	],
	"2pc": "Les PV sont augmentés de 20 %.",
	"4pc": "Lorsqu'une compétence élémentaire touche un ennemi, l'ATQ de tous les personnages de l'équipe à proximité augmente de 20 % et la force de leur bouclier augmente de 30 % pendant 3 s. Cet effet peut être déclenché une fois toutes les 0,5 s, même si le personnage équipé de ce set d'artéfacts fait partie de l'équipe mais n'est pas déployé.",
	"flower": {
		"name": "Fleur honorifique",
		"relictype": "Fleur de la vie",
		"description": "Une fleur faite à partir de feuille d'or. Elle symbolise les mérites et les honneurs de son porteur."
	},
	"plume": {
		"name": "Plume de guerre du Commandant",
		"relictype": "Plume de la mort",
		"description": "Une plume de faucon portée lors des cérémonies officielles. Elle montre la dignité et la détermination du Port de Liyue aux yeux du monde entier."
	},
	"sands": {
		"name": "Cadran solaire doré",
		"relictype": "Sables du temps",
		"description": "Un appareil simple permettant de connaître l'heure. Il faisait autrefois partie du paquetage du Millelithe en temps de guerre."
	},
	"goblet": {
		"name": "Coupe du serment",
		"relictype": "Coupe d'Eonothem",
		"description": "Une coupe en or utilisée par les Millelithes pour prêter serment. Elle porte encore le doux parfum du vin."
	},
	"circlet": {
		"name": "Ancien heaume de Général",
		"relictype": "Diadème de Logos",
		"description": "Un casque splendide qui a traversé les âges. Il suffit de nettoyer un peu la poussière et il sera de nouveau rutilant."
	}
}